{
  "trades": {
    "total": 167,
    "successful": 129,
    "failed": 38,
    "success_rate": 77.24550898203593
  },
  "profit": {
    "total_usd": -2593.8727846805746,
    "gas_cost_usd": 4677.797625000001,
    "net_profit_usd": -7271.670409680575,
    "avg_profit_per_trade_usd": -56.369538059539344
  },
  "performance": {
    "avg_execution_time_ms": 169.16502335744107,
    "max_execution_time_ms": 816.0959726794671,
    "min_execution_time_ms": 35.335678602419
  },
  "token_pairs": {
    "WETH-USDC": {
      "trades": 26,
      "successful_trades": 20,
      "net_profit_usd": -658.2021381118917
    },
    "WBTC-USDC": {
      "trades": 35,
      "successful_trades": 25,
      "net_profit_usd": -1960.842316925686
    },
    "WETH-DAI": {
      "trades": 30,
      "successful_trades": 21,
      "net_profit_usd": -651.5513267500207
    },
    "WBTC-DAI": {
      "trades": 36,
      "successful_trades": 27,
      "net_profit_usd": -1932.4863413643627
    },
    "LINK-USDC": {
      "trades": 40,
      "successful_trades": 36,
      "net_profit_usd": -1024.509786528612
    }
  },
  "dexes": {
    "uniswap_v3": {
      "trades": 83,
      "successful_trades": 68,
      "net_profit_usd": -1689.979655048655
    },
    "sushiswap": {
      "trades": 91,
      "successful_trades": 72,
      "net_profit_usd": -1777.2876260729906
    },
    "curve": {
      "trades": 77,
      "successful_trades": 54,
      "net_profit_usd": -1231.669630805893
    },
    "balancer": {
      "trades": 83,
      "successful_trades": 64,
      "net_profit_usd": -1528.6549977530358
    }
  },
  "ml": {
    "model_updates": 30,
    "strategy_adaptations": 30,
    "prediction_accuracy": 91.41444944228249
  },
  "system": {
    "cpu_usage_percent": 34.40735370431409,
    "memory_usage_mb": 5886.173170242382,
    "disk_usage_mb": 8369.38559553939
  }
}