{
  "trades": {
    "total": 306,
    "successful": 237,
    "failed": 69,
    "success_rate": 77.45098039215686
  },
  "profit": {
    "total_usd": -3806.0681910478706,
    "gas_cost_usd": 8581.165625,
    "net_profit_usd": -12387.23381604787,
    "avg_profit_per_trade_usd": -52.266809350412956
  },
  "performance": {
    "avg_execution_time_ms": 166.90582990776798,
    "max_execution_time_ms": 816.0959726794671,
    "min_execution_time_ms": 35.335678602419
  },
  "token_pairs": {
    "WETH-USDC": {
      "trades": 61,
      "successful_trades": 45,
      "net_profit_usd": -1423.9236262079514
    },
    "WBTC-USDC": {
      "trades": 60,
      "successful_trades": 42,
      "net_profit_usd": -3132.0801075419054
    },
    "WETH-DAI": {
      "trades": 56,
      "successful_trades": 43,
      "net_profit_usd": -1307.0812565766885
    },
    "WBTC-DAI": {
      "trades": 58,
      "successful_trades": 44,
      "net_profit_usd": -2860.2877803397105
    },
    "LINK-USDC": {
      "trades": 71,
      "successful_trades": 63,
      "net_profit_usd": -1774.6746703816157
    }
  },
  "dexes": {
    "uniswap_v3": {
      "trades": 164,
      "successful_trades": 129,
      "net_profit_usd": -2827.539484523713
    },
    "sushiswap": {
      "trades": 158,
      "successful_trades": 125,
      "net_profit_usd": -2819.7520801019705
    },
    "curve": {
      "trades": 150,
      "successful_trades": 108,
      "net_profit_usd": -2346.750495100248
    },
    "balancer": {
      "trades": 140,
      "successful_trades": 112,
      "net_profit_usd": -2504.0053813219406
    }
  },
  "ml": {
    "model_updates": 56,
    "strategy_adaptations": 56,
    "prediction_accuracy": 95
  },
  "system": {
    "cpu_usage_percent": 34.375931329744546,
    "memory_usage_mb": 4022.9507392726996,
    "disk_usage_mb": 8107.974472364015
  }
}