{
  "trades": {
    "total": 267,
    "successful": 205,
    "failed": 62,
    "success_rate": 76.77902621722846
  },
  "profit": {
    "total_usd": -3442.5814302540257,
    "gas_cost_usd": 7481.1129999999985,
    "net_profit_usd": -10923.694430254025,
    "avg_profit_per_trade_usd": -53.286314293922075
  },
  "performance": {
    "avg_execution_time_ms": 167.86713770056826,
    "max_execution_time_ms": 816.0959726794671,
    "min_execution_time_ms": 35.335678602419
  },
  "token_pairs": {
    "WETH-USDC": {
      "trades": 49,
      "successful_trades": 34,
      "net_profit_usd": -1103.6392277479451
    },
    "WBTC-USDC": {
      "trades": 52,
      "successful_trades": 36,
      "net_profit_usd": -2734.169577857862
    },
    "WETH-DAI": {
      "trades": 50,
      "successful_trades": 38,
      "net_profit_usd": -1164.4088816466938
    },
    "WBTC-DAI": {
      "trades": 52,
      "successful_trades": 39,
      "net_profit_usd": -2590.5001492635006
    },
    "LINK-USDC": {
      "trades": 64,
      "successful_trades": 58,
      "net_profit_usd": -1634.972093738024
    }
  },
  "dexes": {
    "uniswap_v3": {
      "trades": 136,
      "successful_trades": 106,
      "net_profit_usd": -2363.3106765674056
    },
    "sushiswap": {
      "trades": 139,
      "successful_trades": 109,
      "net_profit_usd": -2504.627000580982
    },
    "curve": {
      "trades": 130,
      "successful_trades": 92,
      "net_profit_usd": -2031.9862845946122
    },
    "balancer": {
      "trades": 129,
      "successful_trades": 103,
      "net_profit_usd": -2327.765968511026
    }
  },
  "ml": {
    "model_updates": 49,
    "strategy_adaptations": 49,
    "prediction_accuracy": 95
  },
  "system": {
    "cpu_usage_percent": 27.368335502062727,
    "memory_usage_mb": 7942.882852921399,
    "disk_usage_mb": 11980.380642405273
  }
}