{
  "trades": {
    "total": 348,
    "successful": 276,
    "failed": 72,
    "success_rate": 79.3103448275862
  },
  "profit": {
    "total_usd": -4459.535679788832,
    "gas_cost_usd": 9726.306875000004,
    "net_profit_usd": -14185.842554788836,
    "avg_profit_per_trade_usd": -51.397980270974045
  },
  "performance": {
    "avg_execution_time_ms": 164.92086137595462,
    "max_execution_time_ms": 816.0959726794671,
    "min_execution_time_ms": 35.335678602419
  },
  "token_pairs": {
    "WETH-USDC": {
      "trades": 69,
      "successful_trades": 53,
      "net_profit_usd": -1644.5003378625026
    },
    "WBTC-USDC": {
      "trades": 70,
      "successful_trades": 51,
      "net_profit_usd": -3693.511157842275
    },
    "WETH-DAI": {
      "trades": 62,
      "successful_trades": 49,
      "net_profit_usd": -1495.378394578343
    },
    "WBTC-DAI": {
      "trades": 71,
      "successful_trades": 55,
      "net_profit_usd": -3471.696635023446
    },
    "LINK-USDC": {
      "trades": 76,
      "successful_trades": 68,
      "net_profit_usd": -1902.8380294822646
    }
  },
  "dexes": {
    "uniswap_v3": {
      "trades": 190,
      "successful_trades": 155,
      "net_profit_usd": -3382.9879284315593
    },
    "sushiswap": {
      "trades": 178,
      "successful_trades": 143,
      "net_profit_usd": -3247.0661509161555
    },
    "curve": {
      "trades": 166,
      "successful_trades": 122,
      "net_profit_usd": -2674.4968395977735
    },
    "balancer": {
      "trades": 162,
      "successful_trades": 132,
      "net_profit_usd": -2903.373635843344
    }
  },
  "ml": {
    "model_updates": 65,
    "strategy_adaptations": 65,
    "prediction_accuracy": 95
  },
  "system": {
    "cpu_usage_percent": 31.615865354072678,
    "memory_usage_mb": 6240.241992446512,
    "disk_usage_mb": 10403.365692349176
  }
}