{
  "trades": {
    "total": 262,
    "successful": 202,
    "failed": 60,
    "success_rate": 77.09923664122137
  },
  "profit": {
    "total_usd": -3441.8607224685416,
    "gas_cost_usd": 7336.161499999998,
    "net_profit_usd": -10778.02222246854,
    "avg_profit_per_trade_usd": -53.356545655784856
  },
  "performance": {
    "avg_execution_time_ms": 167.2320780297881,
    "max_execution_time_ms": 816.0959726794671,
    "min_execution_time_ms": 35.335678602419
  },
  "token_pairs": {
    "WETH-USDC": {
      "trades": 47,
      "successful_trades": 33,
      "net_profit_usd": -1065.9772847478937
    },
    "WBTC-USDC": {
      "trades": 52,
      "successful_trades": 36,
      "net_profit_usd": -2734.169577857862
    },
    "WETH-DAI": {
      "trades": 50,
      "successful_trades": 38,
      "net_profit_usd": -1164.4088816466938
    },
    "WBTC-DAI": {
      "trades": 51,
      "successful_trades": 39,
      "net_profit_usd": -2590.5001492635006
    },
    "LINK-USDC": {
      "trades": 62,
      "successful_trades": 56,
      "net_profit_usd": -1570.4323289525905
    }
  },
  "dexes": {
    "uniswap_v3": {
      "trades": 132,
      "successful_trades": 103,
      "net_profit_usd": -2312.2098226746634
    },
    "sushiswap": {
      "trades": 136,
      "successful_trades": 108,
      "net_profit_usd": -2488.0550204265364
    },
    "curve": {
      "trades": 129,
      "successful_trades": 91,
      "net_profit_usd": -2016.2883823563411
    },
    "balancer": {
      "trades": 127,
      "successful_trades": 102,
      "net_profit_usd": -2308.9349970110006
    }
  },
  "ml": {
    "model_updates": 48,
    "strategy_adaptations": 48,
    "prediction_accuracy": 95
  },
  "system": {
    "cpu_usage_percent": 22.71558328729576,
    "memory_usage_mb": 4760.394726565554,
    "disk_usage_mb": 9262.534183672731
  }
}