{
  "trades": {
    "total": 238,
    "successful": 183,
    "failed": 55,
    "success_rate": 76.89075630252101
  },
  "profit": {
    "total_usd": -3306.927117047348,
    "gas_cost_usd": 6685.342374999997,
    "net_profit_usd": -9992.269492047346,
    "avg_profit_per_trade_usd": -54.60256553031336
  },
  "performance": {
    "avg_execution_time_ms": 167.0799201548969,
    "max_execution_time_ms": 816.0959726794671,
    "min_execution_time_ms": 35.335678602419
  },
  "token_pairs": {
    "WETH-USDC": {
      "trades": 44,
      "successful_trades": 30,
      "net_profit_usd": -986.3310215848029
    },
    "WBTC-USDC": {
      "trades": 48,
      "successful_trades": 34,
      "net_profit_usd": -2594.5086715253547
    },
    "WETH-DAI": {
      "trades": 44,
      "successful_trades": 32,
      "net_profit_usd": -989.3968120167481
    },
    "WBTC-DAI": {
      "trades": 48,
      "successful_trades": 37,
      "net_profit_usd": -2501.3663747403184
    },
    "LINK-USDC": {
      "trades": 54,
      "successful_trades": 50,
      "net_profit_usd": -1406.3763621801222
    }
  },
  "dexes": {
    "uniswap_v3": {
      "trades": 114,
      "successful_trades": 90,
      "net_profit_usd": -2112.513581672311
    },
    "sushiswap": {
      "trades": 126,
      "successful_trades": 99,
      "net_profit_usd": -2333.8697158967984
    },
    "curve": {
      "trades": 113,
      "successful_trades": 79,
      "net_profit_usd": -1788.707070191103
    },
    "balancer": {
      "trades": 123,
      "successful_trades": 98,
      "net_profit_usd": -2242.888874287134
    }
  },
  "ml": {
    "model_updates": 43,
    "strategy_adaptations": 43,
    "prediction_accuracy": 95
  },
  "system": {
    "cpu_usage_percent": 37.35118209721921,
    "memory_usage_mb": 6452.272098771438,
    "disk_usage_mb": 10015.174204855628
  }
}