{
  "timestamp": "2025-03-07T21:18:53.262167",
  "runtime_hours": 7.311111111111111e-07,
  "total_trades": 3,
  "successful_trades": 3,
  "success_rate": 1.0,
  "total_profit_usd": 250.03607324044714,
  "average_profit_per_trade": 83.34535774681571,
  "profit_per_hour": 341994629.05228335,
  "strategy_performance": {},
  "circuit_breaker_active": false
}